{
  "HTTP请求-0" : {
    "transaction" : "HTTP请求-0",
    "sampleCount" : 100000,
    "errorCount" : 0,
    "errorPct" : 0.0,
    "meanResTime" : 34.91497000000024,
    "medianResTime" : 2.0,
    "minResTime" : 1.0,
    "maxResTime" : 1272.0,
    "pct1ResTime" : 2.0,
    "pct2ResTime" : 3.0,
    "pct3ResTime" : 4.0,
    "throughput" : 620.3050660314743,
    "receivedKBytesPerSec" : 150.23013317949767,
    "sentKBytesPerSec" : 97.09540698990763
  },
  "HTTP请求-1" : {
    "transaction" : "HTTP请求-1",
    "sampleCount" : 100000,
    "errorCount" : 95,
    "errorPct" : 0.095,
    "meanResTime" : 77.33181999999934,
    "medianResTime" : 2.0,
    "minResTime" : 1.0,
    "maxResTime" : 21132.0,
    "pct1ResTime" : 3.0,
    "pct2ResTime" : 4.0,
    "pct3ResTime" : 11.0,
    "throughput" : 620.6862306966582,
    "receivedKBytesPerSec" : 880.4639663518236,
    "sentKBytesPerSec" : 94.34533750201723
  },
  "HTTP请求" : {
    "transaction" : "HTTP请求",
    "sampleCount" : 100000,
    "errorCount" : 95,
    "errorPct" : 0.095,
    "meanResTime" : 118.79436999999932,
    "medianResTime" : 4.0,
    "minResTime" : 3.0,
    "maxResTime" : 21234.0,
    "pct1ResTime" : 5.0,
    "pct2ResTime" : 6.0,
    "pct3ResTime" : 15.0,
    "throughput" : 620.2973705594462,
    "receivedKBytesPerSec" : 1030.1406248061571,
    "sentKBytesPerSec" : 191.3804325449871
  },
  "Total" : {
    "transaction" : "Total",
    "sampleCount" : 300000,
    "errorCount" : 190,
    "errorPct" : 0.06333333,
    "meanResTime" : 77.01372000000156,
    "medianResTime" : 3.0,
    "minResTime" : 1.0,
    "maxResTime" : 21234.0,
    "pct1ResTime" : 5.0,
    "pct2ResTime" : 5.0,
    "pct3ResTime" : 8.0,
    "throughput" : 1860.8921116783386,
    "receivedKBytesPerSec" : 2060.2812496123142,
    "sentKBytesPerSec" : 382.7608650899742
  }
}